firstName,lastName,mail,password,gender,age
Adrien,Constans,adrien@mail.fr,Azerty13!,homme,1
Alice,Constans,alice@mail.fr,Azerty13!,femme,2
Camille,Lamy,camille@mail.fr,Azerty13!,femme,3
Vincent,polin,vincent@mail.fr,Azerty13!,homme,4
Clémentine,grisvard,clementine@mail.fr,Azerty13!,femme,5
Jerome,jéjé,jerome@mail.fr,Azerty13!,femme,5
Thomas,toto,toto@mail.fr,Azerty13!,femme,5
Lucas ,lulu,lulu@mail.fr,Azerty13!,femme,5
Laurent,lolo,lolo@mail.fr,Azerty13!,femme,5
Guillaume,guigui,guigui@mail.fr,Azerty13!,femme,5
Zorro,zozo,zozo@mail.fr,Azerty13!,femme,5
Paddy,pad,pad@mail.fr,Azerty13!,femme,5
Nena,nene,nene@mail.fr,Azerty13!,femme,5
Karl,karlo,karlo@mail.fr,Azerty13!,femme,5
Marcus,marcuso,marcus@mail.fr,Azerty13!,femme,5
Harry,harrypi,harry@mail.fr,Azerty13!,femme,5